file,line,type,commit,author,date,time,timezone,datetime,depth,length
style.css,1,css,8f97cc2b,aaarf404,2025-04-18,23:22:33,-07:00,2025-04-18T23:22:33-07:00,0,4
style.css,2,css,8f97cc2b,aaarf404,2025-04-18,23:22:33,-07:00,2025-04-18T23:22:33-07:00,1,23
style.css,3,css,8f97cc2b,aaarf404,2025-04-18,23:22:33,-07:00,2025-04-18T23:22:33-07:00,1,23
style.css,4,css,8f97cc2b,aaarf404,2025-04-18,23:22:33,-07:00,2025-04-18T23:22:33-07:00,1,16
style.css,5,css,8f97cc2b,aaarf404,2025-04-18,23:22:33,-07:00,2025-04-18T23:22:33-07:00,0,0
style.css,6,css,8f97cc2b,aaarf404,2025-04-18,23:22:33,-07:00,2025-04-18T23:22:33-07:00,0,0
style.css,7,css,dcb92444,aaarf404,2025-04-12,22:08:43,-07:00,2025-04-12T22:08:43-07:00,0,5
style.css,8,css,dcb92444,aaarf404,2025-04-12,22:08:43,-07:00,2025-04-12T22:08:43-07:00,2,31
style.css,9,css,dcb92444,aaarf404,2025-04-12,22:08:43,-07:00,2025-04-12T22:08:43-07:00,1,0
style.css,10,css,dcb92444,aaarf404,2025-04-12,22:08:43,-07:00,2025-04-12T22:08:43-07:00,1,0
style.css,11,css,ebbb80af,aaarf404,2025-04-03,18:40:03,-07:00,2025-04-03T18:40:03-07:00,0,4
style.css,12,css,ebbb80af,aaarf404,2025-04-03,18:40:03,-07:00,2025-04-03T18:40:03-07:00,2,43
style.css,13,css,ebbb80af,aaarf404,2025-04-03,18:40:03,-07:00,2025-04-03T18:40:03-07:00,4,42
style.css,14,css,ebbb80af,aaarf404,2025-04-03,18:40:03,-07:00,2025-04-03T18:40:03-07:00,3,0
style.css,15,css,ebbb80af,aaarf404,2025-04-03,18:40:03,-07:00,2025-04-03T18:40:03-07:00,2,23
style.css,16,css,064bbdea,aaarf404,2025-04-07,15:40:17,-07:00,2025-04-07T15:40:17-07:00,2,15
style.css,17,css,064bbdea,aaarf404,2025-04-07,15:40:17,-07:00,2025-04-07T15:40:17-07:00,2,18
style.css,18,css,4f838edf,aaarf404,2025-04-12,21:51:14,-07:00,2025-04-12T21:51:14-07:00,2,12
style.css,19,css,8f97cc2b,aaarf404,2025-04-18,23:22:33,-07:00,2025-04-18T23:22:33-07:00,2,23
style.css,20,css,8f97cc2b,aaarf404,2025-04-18,23:22:33,-07:00,2025-04-18T23:22:33-07:00,2,16
style.css,21,css,064bbdea,aaarf404,2025-04-07,15:40:17,-07:00,2025-04-07T15:40:17-07:00,1,0
style.css,22,css,064bbdea,aaarf404,2025-04-07,15:40:17,-07:00,2025-04-07T15:40:17-07:00,0,0
style.css,23,css,8f97cc2b,aaarf404,2025-04-18,23:22:33,-07:00,2025-04-18T23:22:33-07:00,1,2
style.css,24,css,16e9f0a7,aaarf404,2025-04-12,22:04:29,-07:00,2025-04-12T22:04:29-07:00,2,12
style.css,25,css,a8754dea,aaarf404,2025-04-12,21:56:43,-07:00,2025-04-12T21:56:43-07:00,2,18
style.css,26,css,064bbdea,aaarf404,2025-04-07,15:40:17,-07:00,2025-04-07T15:40:17-07:00,2,23
style.css,27,css,064bbdea,aaarf404,2025-04-07,15:40:17,-07:00,2025-04-07T15:40:17-07:00,2,25
style.css,28,css,8f97cc2b,aaarf404,2025-04-18,23:22:33,-07:00,2025-04-18T23:22:33-07:00,2,39
style.css,29,css,8f97cc2b,aaarf404,2025-04-18,23:22:33,-07:00,2025-04-18T23:22:33-07:00,2,39
style.css,30,css,064bbdea,aaarf404,2025-04-07,15:40:17,-07:00,2025-04-07T15:40:17-07:00,1,0
style.css,31,css,a8754dea,aaarf404,2025-04-12,21:56:43,-07:00,2025-04-12T21:56:43-07:00,0,0
style.css,32,css,991a6c14,aaarf404,2025-04-12,22:41:39,-07:00,2025-04-12T22:41:39-07:00,0,4
style.css,33,css,a8754dea,aaarf404,2025-04-12,21:56:43,-07:00,2025-04-12T21:56:43-07:00,2,6
style.css,34,css,a8754dea,aaarf404,2025-04-12,21:56:43,-07:00,2025-04-12T21:56:43-07:00,2,17
style.css,35,css,a8754dea,aaarf404,2025-04-12,21:56:43,-07:00,2025-04-12T21:56:43-07:00,2,20
style.css,36,css,a8754dea,aaarf404,2025-04-12,21:56:43,-07:00,2025-04-12T21:56:43-07:00,2,13
style.css,37,css,da92a9ec,aaarf404,2025-04-12,22:22:01,-07:00,2025-04-12T22:22:01-07:00,2,12
style.css,38,css,a8754dea,aaarf404,2025-04-12,21:56:43,-07:00,2025-04-12T21:56:43-07:00,1,0
style.css,39,css,a8754dea,aaarf404,2025-04-12,21:56:43,-07:00,2025-04-12T21:56:43-07:00,0,0
style.css,40,css,991a6c14,aaarf404,2025-04-12,22:41:39,-07:00,2025-04-12T22:41:39-07:00,0,11
style.css,41,css,8f97cc2b,aaarf404,2025-04-18,23:22:33,-07:00,2025-04-18T23:22:33-07:00,1,69
style.css,42,css,8f97cc2b,aaarf404,2025-04-18,23:22:33,-07:00,2025-04-18T23:22:33-07:00,1,45
style.css,43,css,da92a9ec,aaarf404,2025-04-12,22:22:01,-07:00,2025-04-12T22:22:01-07:00,2,20
style.css,44,css,da92a9ec,aaarf404,2025-04-12,22:22:01,-07:00,2025-04-12T22:22:01-07:00,1,0
style.css,45,css,da92a9ec,aaarf404,2025-04-12,22:22:01,-07:00,2025-04-12T22:22:01-07:00,0,0
style.css,46,css,991a6c14,aaarf404,2025-04-12,22:41:39,-07:00,2025-04-12T22:41:39-07:00,0,13
style.css,47,css,a8754dea,aaarf404,2025-04-12,21:56:43,-07:00,2025-04-12T21:56:43-07:00,2,25
style.css,48,css,a8754dea,aaarf404,2025-04-12,21:56:43,-07:00,2025-04-12T21:56:43-07:00,2,25
style.css,49,css,8f97cc2b,aaarf404,2025-04-18,23:22:33,-07:00,2025-04-18T23:22:33-07:00,2,39
style.css,50,css,a8754dea,aaarf404,2025-04-12,21:56:43,-07:00,2025-04-12T21:56:43-07:00,2,20
style.css,51,css,a8754dea,aaarf404,2025-04-12,21:56:43,-07:00,2025-04-12T21:56:43-07:00,1,0
style.css,52,css,a8754dea,aaarf404,2025-04-12,21:56:43,-07:00,2025-04-12T21:56:43-07:00,1,0
style.css,53,css,309dfc59,aaarf404,2025-04-12,22:26:27,-07:00,2025-04-12T22:26:27-07:00,0,4
style.css,54,css,309dfc59,aaarf404,2025-04-12,22:26:27,-07:00,2025-04-12T22:26:27-07:00,2,12
style.css,55,css,309dfc59,aaarf404,2025-04-12,22:26:27,-07:00,2025-04-12T22:26:27-07:00,2,30
style.css,56,css,309dfc59,aaarf404,2025-04-12,22:26:27,-07:00,2025-04-12T22:26:27-07:00,2,7
style.css,57,css,309dfc59,aaarf404,2025-04-12,22:26:27,-07:00,2025-04-12T22:26:27-07:00,1,0
style.css,58,css,309dfc59,aaarf404,2025-04-12,22:26:27,-07:00,2025-04-12T22:26:27-07:00,1,0
style.css,59,css,8f97cc2b,aaarf404,2025-04-18,23:22:33,-07:00,2025-04-18T23:22:33-07:00,0,10
style.css,60,css,309dfc59,aaarf404,2025-04-12,22:26:27,-07:00,2025-04-12T22:26:27-07:00,2,16
style.css,61,css,309dfc59,aaarf404,2025-04-12,22:26:27,-07:00,2025-04-12T22:26:27-07:00,1,0
style.css,62,css,309dfc59,aaarf404,2025-04-12,22:26:27,-07:00,2025-04-12T22:26:27-07:00,1,0
style.css,63,css,991a6c14,aaarf404,2025-04-12,22:41:39,-07:00,2025-04-12T22:41:39-07:00,0,4
style.css,64,css,309dfc59,aaarf404,2025-04-12,22:26:27,-07:00,2025-04-12T22:26:27-07:00,1,8
style.css,65,css,309dfc59,aaarf404,2025-04-12,22:26:27,-07:00,2025-04-12T22:26:27-07:00,2,12
style.css,66,css,309dfc59,aaarf404,2025-04-12,22:26:27,-07:00,2025-04-12T22:26:27-07:00,2,10
style.css,67,css,309dfc59,aaarf404,2025-04-12,22:26:27,-07:00,2025-04-12T22:26:27-07:00,2,21
style.css,68,css,309dfc59,aaarf404,2025-04-12,22:26:27,-07:00,2025-04-12T22:26:27-07:00,1,0
style.css,69,css,309dfc59,aaarf404,2025-04-12,22:26:27,-07:00,2025-04-12T22:26:27-07:00,1,0
style.css,70,css,991a6c14,aaarf404,2025-04-12,22:41:39,-07:00,2025-04-12T22:41:39-07:00,0,6
style.css,71,css,309dfc59,aaarf404,2025-04-12,22:26:27,-07:00,2025-04-12T22:26:27-07:00,2,12
style.css,72,css,309dfc59,aaarf404,2025-04-12,22:26:27,-07:00,2025-04-12T22:26:27-07:00,2,10
style.css,73,css,309dfc59,aaarf404,2025-04-12,22:26:27,-07:00,2025-04-12T22:26:27-07:00,2,21
style.css,74,css,309dfc59,aaarf404,2025-04-12,22:26:27,-07:00,2025-04-12T22:26:27-07:00,2,18
style.css,75,css,309dfc59,aaarf404,2025-04-12,22:26:27,-07:00,2025-04-12T22:26:27-07:00,2,13
style.css,76,css,309dfc59,aaarf404,2025-04-12,22:26:27,-07:00,2025-04-12T22:26:27-07:00,2,14
style.css,77,css,309dfc59,aaarf404,2025-04-12,22:26:27,-07:00,2025-04-12T22:26:27-07:00,1,0
style.css,78,css,309dfc59,aaarf404,2025-04-12,22:26:27,-07:00,2025-04-12T22:26:27-07:00,1,0
style.css,79,css,991a6c14,aaarf404,2025-04-12,22:41:39,-07:00,2025-04-12T22:41:39-07:00,0,9
style.css,80,css,991a6c14,aaarf404,2025-04-12,22:41:39,-07:00,2025-04-12T22:41:39-07:00,2,12
style.css,81,css,991a6c14,aaarf404,2025-04-12,22:41:39,-07:00,2025-04-12T22:41:39-07:00,2,58
style.css,82,css,991a6c14,aaarf404,2025-04-12,22:41:39,-07:00,2025-04-12T22:41:39-07:00,2,7
style.css,83,css,dd4ac816,aaarf404,2025-04-12,23:05:57,-07:00,2025-04-12T23:05:57-07:00,2,25
style.css,84,css,991a6c14,aaarf404,2025-04-12,22:41:39,-07:00,2025-04-12T22:41:39-07:00,1,0
style.css,85,css,7f61c014,aaarf404,2025-04-12,23:01:51,-07:00,2025-04-12T23:01:51-07:00,0,0
style.css,86,css,7f61c014,aaarf404,2025-04-12,23:01:51,-07:00,2025-04-12T23:01:51-07:00,0,17
style.css,87,css,7f61c014,aaarf404,2025-04-12,23:01:51,-07:00,2025-04-12T23:01:51-07:00,2,12
style.css,88,css,7f61c014,aaarf404,2025-04-12,23:01:51,-07:00,2025-04-12T23:01:51-07:00,2,15
style.css,89,css,7f61c014,aaarf404,2025-04-12,23:01:51,-07:00,2025-04-12T23:01:51-07:00,2,11
style.css,90,css,7f61c014,aaarf404,2025-04-12,23:01:51,-07:00,2025-04-12T23:01:51-07:00,2,24
style.css,91,css,7f61c014,aaarf404,2025-04-12,23:01:51,-07:00,2025-04-12T23:01:51-07:00,2,19
style.css,92,css,7f61c014,aaarf404,2025-04-12,23:01:51,-07:00,2025-04-12T23:01:51-07:00,2,37
style.css,93,css,7f61c014,aaarf404,2025-04-12,23:01:51,-07:00,2025-04-12T23:01:51-07:00,2,7
style.css,94,css,7f61c014,aaarf404,2025-04-12,23:01:51,-07:00,2025-04-12T23:01:51-07:00,1,0
style.css,95,css,7f61c014,aaarf404,2025-04-12,23:01:51,-07:00,2025-04-12T23:01:51-07:00,1,0
style.css,96,css,dd4ac816,aaarf404,2025-04-12,23:05:57,-07:00,2025-04-12T23:05:57-07:00,1,12
style.css,97,css,dd4ac816,aaarf404,2025-04-12,23:05:57,-07:00,2025-04-12T23:05:57-07:00,2,8
style.css,98,css,dd4ac816,aaarf404,2025-04-12,23:05:57,-07:00,2025-04-12T23:05:57-07:00,1,0
style.css,99,css,7f16951e,aaarf404,2025-04-12,23:17:57,-07:00,2025-04-12T23:17:57-07:00,0,0
style.css,100,css,7f16951e,aaarf404,2025-04-12,23:17:57,-07:00,2025-04-12T23:17:57-07:00,0,7
style.css,101,css,7f16951e,aaarf404,2025-04-12,23:17:57,-07:00,2025-04-12T23:17:57-07:00,2,15
style.css,102,css,7f16951e,aaarf404,2025-04-12,23:17:57,-07:00,2025-04-12T23:17:57-07:00,2,13
style.css,103,css,7f16951e,aaarf404,2025-04-12,23:17:57,-07:00,2025-04-12T23:17:57-07:00,2,11
style.css,104,css,7f16951e,aaarf404,2025-04-12,23:17:57,-07:00,2025-04-12T23:17:57-07:00,2,29
style.css,105,css,7f16951e,aaarf404,2025-04-12,23:17:57,-07:00,2025-04-12T23:17:57-07:00,2,15
style.css,106,css,7f16951e,aaarf404,2025-04-12,23:17:57,-07:00,2025-04-12T23:17:57-07:00,1,0
style.css,107,css,7f16951e,aaarf404,2025-04-12,23:17:57,-07:00,2025-04-12T23:17:57-07:00,1,0
style.css,108,css,7f16951e,aaarf404,2025-04-12,23:17:57,-07:00,2025-04-12T23:17:57-07:00,0,14
style.css,109,css,7f16951e,aaarf404,2025-04-12,23:17:57,-07:00,2025-04-12T23:17:57-07:00,2,17
style.css,110,css,7f16951e,aaarf404,2025-04-12,23:17:57,-07:00,2025-04-12T23:17:57-07:00,2,17
style.css,111,css,7f16951e,aaarf404,2025-04-12,23:17:57,-07:00,2025-04-12T23:17:57-07:00,1,0
style.css,112,css,7f16951e,aaarf404,2025-04-12,23:17:57,-07:00,2025-04-12T23:17:57-07:00,1,0
style.css,113,css,7f16951e,aaarf404,2025-04-12,23:17:57,-07:00,2025-04-12T23:17:57-07:00,0,10
style.css,114,css,7f16951e,aaarf404,2025-04-12,23:17:57,-07:00,2025-04-12T23:17:57-07:00,2,8
style.css,115,css,7f16951e,aaarf404,2025-04-12,23:17:57,-07:00,2025-04-12T23:17:57-07:00,2,15
style.css,116,css,7f16951e,aaarf404,2025-04-12,23:17:57,-07:00,2025-04-12T23:17:57-07:00,0,0
style.css,117,css,7f16951e,aaarf404,2025-04-12,23:17:57,-07:00,2025-04-12T23:17:57-07:00,1,0
style.css,118,css,7f16951e,aaarf404,2025-04-12,23:17:57,-07:00,2025-04-12T23:17:57-07:00,0,10
style.css,119,css,7f16951e,aaarf404,2025-04-12,23:17:57,-07:00,2025-04-12T23:17:57-07:00,2,28
style.css,120,css,7f16951e,aaarf404,2025-04-12,23:17:57,-07:00,2025-04-12T23:17:57-07:00,2,20
style.css,121,css,7f16951e,aaarf404,2025-04-12,23:17:57,-07:00,2025-04-12T23:17:57-07:00,2,14
style.css,122,css,7f16951e,aaarf404,2025-04-12,23:17:57,-07:00,2025-04-12T23:17:57-07:00,1,0
style.css,123,css,7f16951e,aaarf404,2025-04-12,23:17:57,-07:00,2025-04-12T23:17:57-07:00,1,0
style.css,124,css,7f16951e,aaarf404,2025-04-12,23:17:57,-07:00,2025-04-12T23:17:57-07:00,0,13
style.css,125,css,7f16951e,aaarf404,2025-04-12,23:17:57,-07:00,2025-04-12T23:17:57-07:00,2,19
style.css,126,css,7f16951e,aaarf404,2025-04-12,23:17:57,-07:00,2025-04-12T23:17:57-07:00,1,0
style.css,127,css,7f16951e,aaarf404,2025-04-12,23:17:57,-07:00,2025-04-12T23:17:57-07:00,1,0
style.css,128,css,7f16951e,aaarf404,2025-04-12,23:17:57,-07:00,2025-04-12T23:17:57-07:00,0,19
style.css,129,css,7f16951e,aaarf404,2025-04-12,23:17:57,-07:00,2025-04-12T23:17:57-07:00,2,15
style.css,130,css,7f16951e,aaarf404,2025-04-12,23:17:57,-07:00,2025-04-12T23:17:57-07:00,2,9
style.css,131,css,7f16951e,aaarf404,2025-04-12,23:17:57,-07:00,2025-04-12T23:17:57-07:00,2,12
style.css,132,css,7f16951e,aaarf404,2025-04-12,23:17:57,-07:00,2025-04-12T23:17:57-07:00,2,14
style.css,133,css,7f16951e,aaarf404,2025-04-12,23:17:57,-07:00,2025-04-12T23:17:57-07:00,1,0
style.css,134,css,7f16951e,aaarf404,2025-04-12,23:17:57,-07:00,2025-04-12T23:17:57-07:00,1,0
style.css,135,css,7f16951e,aaarf404,2025-04-12,23:17:57,-07:00,2025-04-12T23:17:57-07:00,0,22
style.css,136,css,7f16951e,aaarf404,2025-04-12,23:17:57,-07:00,2025-04-12T23:17:57-07:00,2,18
style.css,137,css,7f16951e,aaarf404,2025-04-12,23:17:57,-07:00,2025-04-12T23:17:57-07:00,2,12
style.css,138,css,7f16951e,aaarf404,2025-04-12,23:17:57,-07:00,2025-04-12T23:17:57-07:00,2,17
style.css,139,css,7f16951e,aaarf404,2025-04-12,23:17:57,-07:00,2025-04-12T23:17:57-07:00,2,17
style.css,140,css,7f16951e,aaarf404,2025-04-12,23:17:57,-07:00,2025-04-12T23:17:57-07:00,0,0
style.css,141,css,8f97cc2b,aaarf404,2025-04-18,23:22:33,-07:00,2025-04-18T23:22:33-07:00,0,13
style.css,142,css,8f97cc2b,aaarf404,2025-04-18,23:22:33,-07:00,2025-04-18T23:22:33-07:00,1,17
style.css,143,css,8f97cc2b,aaarf404,2025-04-18,23:22:33,-07:00,2025-04-18T23:22:33-07:00,1,8
style.css,144,css,8f97cc2b,aaarf404,2025-04-18,23:22:33,-07:00,2025-04-18T23:22:33-07:00,1,10
style.css,145,css,8f97cc2b,aaarf404,2025-04-18,23:22:33,-07:00,2025-04-18T23:22:33-07:00,1,13
style.css,146,css,8f97cc2b,aaarf404,2025-04-18,23:22:33,-07:00,2025-04-18T23:22:33-07:00,1,19
style.css,147,css,8f97cc2b,aaarf404,2025-04-18,23:22:33,-07:00,2025-04-18T23:22:33-07:00,0,0
style.css,148,css,8f97cc2b,aaarf404,2025-04-18,23:22:33,-07:00,2025-04-18T23:22:33-07:00,0,0
style.css,149,css,5e58ddae,aaarf404,2025-05-02,20:55:01,-07:00,2025-05-02T20:55:01-07:00,0,18
style.css,150,css,5e58ddae,aaarf404,2025-05-02,20:55:01,-07:00,2025-05-02T20:55:01-07:00,1,14
style.css,151,css,5e58ddae,aaarf404,2025-05-02,20:55:01,-07:00,2025-05-02T20:55:01-07:00,1,16
style.css,152,css,5e58ddae,aaarf404,2025-05-02,20:55:01,-07:00,2025-05-02T20:55:01-07:00,0,0
style.css,153,css,5e58ddae,aaarf404,2025-05-02,20:55:01,-07:00,2025-05-02T20:55:01-07:00,1,16
style.css,154,css,5e58ddae,aaarf404,2025-05-02,20:55:01,-07:00,2025-05-02T20:55:01-07:00,0,0
style.css,155,css,7f16951e,aaarf404,2025-04-12,23:17:57,-07:00,2025-04-12T23:17:57-07:00,1,0
style.css,156,css,c0509c03,aaarf404,2025-05-02,21:02:57,-07:00,2025-05-02T21:02:57-07:00,0,7
style.css,157,css,c0509c03,aaarf404,2025-05-02,21:02:57,-07:00,2025-05-02T21:02:57-07:00,1,12
style.css,158,css,c0509c03,aaarf404,2025-05-02,21:02:57,-07:00,2025-05-02T21:02:57-07:00,1,57
style.css,159,css,c0509c03,aaarf404,2025-05-02,21:02:57,-07:00,2025-05-02T21:02:57-07:00,1,9
style.css,160,css,c0509c03,aaarf404,2025-05-02,21:02:57,-07:00,2025-05-02T21:02:57-07:00,1,10
style.css,161,css,c0509c03,aaarf404,2025-05-02,21:02:57,-07:00,2025-05-02T21:02:57-07:00,1,11
style.css,162,css,c0509c03,aaarf404,2025-05-02,21:02:57,-07:00,2025-05-02T21:02:57-07:00,1,21
style.css,163,css,c0509c03,aaarf404,2025-05-02,21:02:57,-07:00,2025-05-02T21:02:57-07:00,0,0
style.css,164,css,c0509c03,aaarf404,2025-05-02,21:02:57,-07:00,2025-05-02T21:02:57-07:00,0,0
style.css,165,css,c0509c03,aaarf404,2025-05-02,21:02:57,-07:00,2025-05-02T21:02:57-07:00,0,10
style.css,166,css,c0509c03,aaarf404,2025-05-02,21:02:57,-07:00,2025-05-02T21:02:57-07:00,1,12
style.css,167,css,c0509c03,aaarf404,2025-05-02,21:02:57,-07:00,2025-05-02T21:02:57-07:00,1,18
style.css,168,css,c0509c03,aaarf404,2025-05-02,21:02:57,-07:00,2025-05-02T21:02:57-07:00,1,9
style.css,169,css,c0509c03,aaarf404,2025-05-02,21:02:57,-07:00,2025-05-02T21:02:57-07:00,0,0
style.css,170,css,c0509c03,aaarf404,2025-05-02,21:02:57,-07:00,2025-05-02T21:02:57-07:00,0,0
style.css,171,css,c0509c03,aaarf404,2025-05-02,21:02:57,-07:00,2025-05-02T21:02:57-07:00,0,15
style.css,172,css,c0509c03,aaarf404,2025-05-02,21:02:57,-07:00,2025-05-02T21:02:57-07:00,1,9
style.css,173,css,c0509c03,aaarf404,2025-05-02,21:02:57,-07:00,2025-05-02T21:02:57-07:00,1,10
style.css,174,css,c0509c03,aaarf404,2025-05-02,21:02:57,-07:00,2025-05-02T21:02:57-07:00,1,29
style.css,175,css,c0509c03,aaarf404,2025-05-02,21:02:57,-07:00,2025-05-02T21:02:57-07:00,1,17
style.css,176,css,c0509c03,aaarf404,2025-05-02,21:02:57,-07:00,2025-05-02T21:02:57-07:00,1,20
style.css,177,css,c0509c03,aaarf404,2025-05-02,21:02:57,-07:00,2025-05-02T21:02:57-07:00,0,0
style.css,178,css,991a6c14,aaarf404,2025-04-12,22:41:39,-07:00,2025-04-12T22:41:39-07:00,1,0
style.css,179,css,c27d0e02,aaarf404,2025-05-02,21:48:07,-07:00,2025-05-02T21:48:07-07:00,0,33
style.css,180,css,c27d0e02,aaarf404,2025-05-02,21:48:07,-07:00,2025-05-02T21:48:07-07:00,1,11
style.css,181,css,c27d0e02,aaarf404,2025-05-02,21:48:07,-07:00,2025-05-02T21:48:07-07:00,0,0
style.css,182,css,c27d0e02,aaarf404,2025-05-02,21:48:07,-07:00,2025-05-02T21:48:07-07:00,0,0
style.css,183,css,c27d0e02,aaarf404,2025-05-02,21:48:07,-07:00,2025-05-02T21:48:07-07:00,0,4
style.css,184,css,c27d0e02,aaarf404,2025-05-02,21:48:07,-07:00,2025-05-02T21:48:07-07:00,1,14
style.css,185,css,41b53165,aaarf404,2025-05-02,22:09:05,-07:00,2025-05-02T22:09:05-07:00,1,16
style.css,186,css,c27d0e02,aaarf404,2025-05-02,21:48:07,-07:00,2025-05-02T21:48:07-07:00,0,0
style.css,187,css,c27d0e02,aaarf404,2025-05-02,21:48:07,-07:00,2025-05-02T21:48:07-07:00,0,0
style.css,188,css,c27d0e02,aaarf404,2025-05-02,21:48:07,-07:00,2025-05-02T21:48:07-07:00,0,9
style.css,189,css,c27d0e02,aaarf404,2025-05-02,21:48:07,-07:00,2025-05-02T21:48:07-07:00,1,35
style.css,190,css,c27d0e02,aaarf404,2025-05-02,21:48:07,-07:00,2025-05-02T21:48:07-07:00,0,0
style.css,191,css,c27d0e02,aaarf404,2025-05-02,21:48:07,-07:00,2025-05-02T21:48:07-07:00,0,0
style.css,192,css,c27d0e02,aaarf404,2025-05-02,21:48:07,-07:00,2025-05-02T21:48:07-07:00,0,18
style.css,193,css,c27d0e02,aaarf404,2025-05-02,21:48:07,-07:00,2025-05-02T21:48:07-07:00,1,17
style.css,194,css,c27d0e02,aaarf404,2025-05-02,21:48:07,-07:00,2025-05-02T21:48:07-07:00,0,0
style.css,195,css,c27d0e02,aaarf404,2025-05-02,21:48:07,-07:00,2025-05-02T21:48:07-07:00,0,0
style.css,196,css,c27d0e02,aaarf404,2025-05-02,21:48:07,-07:00,2025-05-02T21:48:07-07:00,0,17
style.css,197,css,c27d0e02,aaarf404,2025-05-02,21:48:07,-07:00,2025-05-02T21:48:07-07:00,1,35
style.css,198,css,c27d0e02,aaarf404,2025-05-02,21:48:07,-07:00,2025-05-02T21:48:07-07:00,0,0
style.css,199,css,c27d0e02,aaarf404,2025-05-02,21:48:07,-07:00,2025-05-02T21:48:07-07:00,0,0
style.css,200,css,da92a9ec,aaarf404,2025-04-12,22:22:01,-07:00,2025-04-12T22:22:01-07:00,0,0
style.css,201,css,da92a9ec,aaarf404,2025-04-12,22:22:01,-07:00,2025-04-12T22:22:01-07:00,0,0
style.css,202,css,309dfc59,aaarf404,2025-04-12,22:26:27,-07:00,2025-04-12T22:26:27-07:00,1,0
style.css,203,css,da92a9ec,aaarf404,2025-04-12,22:22:01,-07:00,2025-04-12T22:22:01-07:00,0,0
index.js,1,js,b942fa02,aaarf404,2025-04-25,19:00:36,-07:00,2025-04-25T19:00:36-07:00,0,69
index.js,2,js,56240c57,aaarf404,2025-04-25,02:04:47,-07:00,2025-04-25T02:04:47-07:00,0,0
index.js,3,js,56240c57,aaarf404,2025-04-25,02:04:47,-07:00,2025-04-25T02:04:47-07:00,0,35
index.js,4,js,56240c57,aaarf404,2025-04-25,02:04:47,-07:00,2025-04-25T02:04:47-07:00,1,54
index.js,5,js,56240c57,aaarf404,2025-04-25,02:04:47,-07:00,2025-04-25T02:04:47-07:00,1,42
index.js,6,js,56240c57,aaarf404,2025-04-25,02:04:47,-07:00,2025-04-25T02:04:47-07:00,0,0
index.js,7,js,56240c57,aaarf404,2025-04-25,02:04:47,-07:00,2025-04-25T02:04:47-07:00,1,60
index.js,8,js,56240c57,aaarf404,2025-04-25,02:04:47,-07:00,2025-04-25T02:04:47-07:00,0,0
index.js,9,js,56240c57,aaarf404,2025-04-25,02:04:47,-07:00,2025-04-25T02:04:47-07:00,1,54
index.js,10,js,7e677800,aaarf404,2025-04-25,17:58:12,-07:00,2025-04-25T17:58:12-07:00,0,51
index.js,11,js,00655b6b,aaarf404,2025-04-25,18:28:27,-07:00,2025-04-25T18:28:27-07:00,0,38
index.js,12,js,7e677800,aaarf404,2025-04-25,17:58:12,-07:00,2025-04-25T17:58:12-07:00,0,60
index.js,13,js,7e677800,aaarf404,2025-04-25,17:58:12,-07:00,2025-04-25T17:58:12-07:00,0,17
index.js,14,js,7e677800,aaarf404,2025-04-25,17:58:12,-07:00,2025-04-25T17:58:12-07:00,2,24
index.js,15,js,7e677800,aaarf404,2025-04-25,17:58:12,-07:00,2025-04-25T17:58:12-07:00,3,2
index.js,16,js,7e677800,aaarf404,2025-04-25,17:58:12,-07:00,2025-04-25T17:58:12-07:00,4,55
index.js,17,js,7e677800,aaarf404,2025-04-25,17:58:12,-07:00,2025-04-25T17:58:12-07:00,4,55
index.js,18,js,7e677800,aaarf404,2025-04-25,17:58:12,-07:00,2025-04-25T17:58:12-07:00,4,49
index.js,19,js,7e677800,aaarf404,2025-04-25,17:58:12,-07:00,2025-04-25T17:58:12-07:00,4,49
index.js,20,js,7e677800,aaarf404,2025-04-25,17:58:12,-07:00,2025-04-25T17:58:12-07:00,3,3
index.js,21,js,7e677800,aaarf404,2025-04-25,17:58:12,-07:00,2025-04-25T17:58:12-07:00,2,0
index.js,22,js,7e677800,aaarf404,2025-04-25,17:58:12,-07:00,2025-04-25T17:58:12-07:00,1,0
index.js,23,js,f0ff27e7,aaarf404,2025-04-25,18:17:45,-07:00,2025-04-25T18:17:45-07:00,0,0
index.js,24,js,f0ff27e7,aaarf404,2025-04-25,18:17:45,-07:00,2025-04-25T18:17:45-07:00,0,0
index.js,25,js,f0ff27e7,aaarf404,2025-04-25,18:17:45,-07:00,2025-04-25T18:17:45-07:00,0,19
index.html,1,html,d8a9fd2b,aaarf404,2025-04-02,18:28:59,-07:00,2025-04-02T18:28:59-07:00,0,13
index.html,2,html,d8a9fd2b,aaarf404,2025-04-02,18:28:59,-07:00,2025-04-02T18:28:59-07:00,0,14
index.html,3,html,d8a9fd2b,aaarf404,2025-04-02,18:28:59,-07:00,2025-04-02T18:28:59-07:00,0,4
index.html,4,html,f0ff27e7,aaarf404,2025-04-25,18:17:45,-07:00,2025-04-25T18:17:45-07:00,1,22
index.html,5,html,f0ff27e7,aaarf404,2025-04-25,18:17:45,-07:00,2025-04-25T18:17:45-07:00,1,70
index.html,6,html,f0ff27e7,aaarf404,2025-04-25,18:17:45,-07:00,2025-04-25T18:17:45-07:00,1,63
index.html,7,html,f0ff27e7,aaarf404,2025-04-25,18:17:45,-07:00,2025-04-25T18:17:45-07:00,1,40
index.html,8,html,d8a9fd2b,aaarf404,2025-04-02,18:28:59,-07:00,2025-04-02T18:28:59-07:00,0,5
index.html,9,html,f0ff27e7,aaarf404,2025-04-25,18:17:45,-07:00,2025-04-25T18:17:45-07:00,0,0
index.html,10,html,d8a9fd2b,aaarf404,2025-04-02,18:28:59,-07:00,2025-04-02T18:28:59-07:00,0,4
index.html,11,html,f0ff27e7,aaarf404,2025-04-25,18:17:45,-07:00,2025-04-25T18:17:45-07:00,1,28
index.html,12,html,f0ff27e7,aaarf404,2025-04-25,18:17:45,-07:00,2025-04-25T18:17:45-07:00,1,108
index.html,13,html,f0ff27e7,aaarf404,2025-04-25,18:17:45,-07:00,2025-04-25T18:17:45-07:00,1,84
index.html,14,html,918a2872,aaarf404,2025-04-25,18:23:48,-07:00,2025-04-25T18:23:48-07:00,1,97
index.html,15,html,f0ff27e7,aaarf404,2025-04-25,18:17:45,-07:00,2025-04-25T18:17:45-07:00,1,22
index.html,16,html,f0ff27e7,aaarf404,2025-04-25,18:17:45,-07:00,2025-04-25T18:17:45-07:00,1,20
index.html,17,html,f0ff27e7,aaarf404,2025-04-25,18:17:45,-07:00,2025-04-25T18:17:45-07:00,1,4
index.html,18,html,f0ff27e7,aaarf404,2025-04-25,18:17:45,-07:00,2025-04-25T18:17:45-07:00,1,22
index.html,19,html,f0ff27e7,aaarf404,2025-04-25,18:17:45,-07:00,2025-04-25T18:17:45-07:00,0,22
index.html,20,html,f0ff27e7,aaarf404,2025-04-25,18:17:45,-07:00,2025-04-25T18:17:45-07:00,0,4
index.html,21,html,f0ff27e7,aaarf404,2025-04-25,18:17:45,-07:00,2025-04-25T18:17:45-07:00,1,50
index.html,22,html,fa6ceb81,aaarf404,2025-04-18,22:42:55,-07:00,2025-04-18T22:42:55-07:00,0,5
index.html,23,html,f0ff27e7,aaarf404,2025-04-25,18:17:45,-07:00,2025-04-25T18:17:45-07:00,0,5
global.js,1,js,8f97cc2b,aaarf404,2025-04-18,23:22:33,-07:00,2025-04-18T23:22:33-07:00,0,31
global.js,2,js,8f97cc2b,aaarf404,2025-04-18,23:22:33,-07:00,2025-04-18T23:22:33-07:00,2,11
global.js,3,js,8f97cc2b,aaarf404,2025-04-18,23:22:33,-07:00,2025-04-18T23:22:33-07:00,2,0
global.js,4,js,8f97cc2b,aaarf404,2025-04-18,23:22:33,-07:00,2025-04-18T23:22:33-07:00,2,26
global.js,5,js,8f97cc2b,aaarf404,2025-04-18,23:22:33,-07:00,2025-04-18T23:22:33-07:00,3,4
global.js,6,js,8f97cc2b,aaarf404,2025-04-18,23:22:33,-07:00,2025-04-18T23:22:33-07:00,3,6
global.js,7,js,8f97cc2b,aaarf404,2025-04-18,23:22:33,-07:00,2025-04-18T23:22:33-07:00,4,43
global.js,8,js,8f97cc2b,aaarf404,2025-04-18,23:22:33,-07:00,2025-04-18T23:22:33-07:00,4,34
global.js,9,js,8f97cc2b,aaarf404,2025-04-18,23:22:33,-07:00,2025-04-18T23:22:33-07:00,4,32
global.js,10,js,8f97cc2b,aaarf404,2025-04-18,23:22:33,-07:00,2025-04-18T23:22:33-07:00,3,7
global.js,11,js,8f97cc2b,aaarf404,2025-04-18,23:22:33,-07:00,2025-04-18T23:22:33-07:00,2,6
global.js,12,js,8f97cc2b,aaarf404,2025-04-18,23:22:33,-07:00,2025-04-18T23:22:33-07:00,2,0
global.js,13,js,8f97cc2b,aaarf404,2025-04-18,23:22:33,-07:00,2025-04-18T23:22:33-07:00,1,0
global.js,14,js,8f97cc2b,aaarf404,2025-04-18,23:22:33,-07:00,2025-04-18T23:22:33-07:00,0,0
global.js,15,js,32715a61,aaarf404,2025-04-18,22:18:47,-07:00,2025-04-18T22:18:47-07:00,0,25
global.js,16,js,b4b19f7d,aaarf404,2025-04-18,22:35:24,-07:00,2025-04-18T22:35:24-07:00,0,0
global.js,17,js,c9cb207b,aaarf404,2025-04-18,21:18:40,-07:00,2025-04-18T21:18:40-07:00,0,41
global.js,18,js,32715a61,aaarf404,2025-04-18,22:18:47,-07:00,2025-04-18T22:18:47-07:00,1,52
global.js,19,js,c9cb207b,aaarf404,2025-04-18,21:18:40,-07:00,2025-04-18T21:18:40-07:00,0,0
global.js,20,js,c8f8b1bf,aaarf404,2025-04-18,21:33:30,-07:00,2025-04-18T21:33:30-07:00,0,0
global.js,21,js,1a8149a9,aaarf404,2025-04-18,21:38:06,-07:00,2025-04-18T21:38:06-07:00,0,11
global.js,22,js,b4b19f7d,aaarf404,2025-04-18,22:35:24,-07:00,2025-04-18T22:35:24-07:00,1,25
global.js,23,js,b4b19f7d,aaarf404,2025-04-18,22:35:24,-07:00,2025-04-18T22:35:24-07:00,1,38
global.js,24,js,b4b19f7d,aaarf404,2025-04-18,22:35:24,-07:00,2025-04-18T22:35:24-07:00,1,34
global.js,25,js,b4b19f7d,aaarf404,2025-04-18,22:35:24,-07:00,2025-04-18T22:35:24-07:00,1,36
global.js,26,js,b4b19f7d,aaarf404,2025-04-18,22:35:24,-07:00,2025-04-18T22:35:24-07:00,1,52
global.js,27,js,32715a61,aaarf404,2025-04-18,22:18:47,-07:00,2025-04-18T22:18:47-07:00,0,0
global.js,28,js,1a8149a9,aaarf404,2025-04-18,21:38:06,-07:00,2025-04-18T21:38:06-07:00,0,0
global.js,29,js,b4b19f7d,aaarf404,2025-04-18,22:35:24,-07:00,2025-04-18T22:35:24-07:00,0,88
global.js,30,js,b4b19f7d,aaarf404,2025-04-18,22:35:24,-07:00,2025-04-18T22:35:24-07:00,1,3
global.js,31,js,fa6ceb81,aaarf404,2025-04-18,22:42:55,-07:00,2025-04-18T22:42:55-07:00,1,14
global.js,32,js,b4b19f7d,aaarf404,2025-04-18,22:35:24,-07:00,2025-04-18T22:35:24-07:00,0,0
global.js,33,js,b4b19f7d,aaarf404,2025-04-18,22:35:24,-07:00,2025-04-18T22:35:24-07:00,0,38
global.js,34,js,1a8149a9,aaarf404,2025-04-18,21:38:06,-07:00,2025-04-18T21:38:06-07:00,0,25
global.js,35,js,1a8149a9,aaarf404,2025-04-18,21:38:06,-07:00,2025-04-18T21:38:06-07:00,0,0
global.js,36,js,1a8149a9,aaarf404,2025-04-18,21:38:06,-07:00,2025-04-18T21:38:06-07:00,0,20
global.js,37,js,fa6ceb81,aaarf404,2025-04-18,22:42:55,-07:00,2025-04-18T22:42:55-07:00,1,13
global.js,38,js,32715a61,aaarf404,2025-04-18,22:18:47,-07:00,2025-04-18T22:18:47-07:00,1,18
global.js,39,js,32715a61,aaarf404,2025-04-18,22:18:47,-07:00,2025-04-18T22:18:47-07:00,0,0
global.js,40,js,fa6ceb81,aaarf404,2025-04-18,22:42:55,-07:00,2025-04-18T22:42:55-07:00,1,52
global.js,41,js,fa6ceb81,aaarf404,2025-04-18,22:42:55,-07:00,2025-04-18T22:42:55-07:00,0,0
global.js,42,js,32715a61,aaarf404,2025-04-18,22:18:47,-07:00,2025-04-18T22:18:47-07:00,1,34
global.js,43,js,32715a61,aaarf404,2025-04-18,22:18:47,-07:00,2025-04-18T22:18:47-07:00,1,11
global.js,44,js,32715a61,aaarf404,2025-04-18,22:18:47,-07:00,2025-04-18T22:18:47-07:00,1,20
global.js,45,js,32715a61,aaarf404,2025-04-18,22:18:47,-07:00,2025-04-18T22:18:47-07:00,0,0
global.js,46,js,b4b19f7d,aaarf404,2025-04-18,22:35:24,-07:00,2025-04-18T22:35:24-07:00,1,17
global.js,47,js,b4b19f7d,aaarf404,2025-04-18,22:35:24,-07:00,2025-04-18T22:35:24-07:00,2,8
global.js,48,js,b4b19f7d,aaarf404,2025-04-18,22:35:24,-07:00,2025-04-18T22:35:24-07:00,2,58
global.js,49,js,b4b19f7d,aaarf404,2025-04-18,22:35:24,-07:00,2025-04-18T22:35:24-07:00,1,0
global.js,50,js,b4b19f7d,aaarf404,2025-04-18,22:35:24,-07:00,2025-04-18T22:35:24-07:00,0,0
global.js,51,js,b4b19f7d,aaarf404,2025-04-18,22:35:24,-07:00,2025-04-18T22:35:24-07:00,1,31
global.js,52,js,b4b19f7d,aaarf404,2025-04-18,22:35:24,-07:00,2025-04-18T22:35:24-07:00,1,16
global.js,53,js,b4b19f7d,aaarf404,2025-04-18,22:35:24,-07:00,2025-04-18T22:35:24-07:00,2,7
global.js,54,js,b4b19f7d,aaarf404,2025-04-18,22:35:24,-07:00,2025-04-18T22:35:24-07:00,2,22
global.js,55,js,b4b19f7d,aaarf404,2025-04-18,22:35:24,-07:00,2025-04-18T22:35:24-07:00,1,0
global.js,56,js,32715a61,aaarf404,2025-04-18,22:18:47,-07:00,2025-04-18T22:18:47-07:00,0,0
global.js,57,js,32715a61,aaarf404,2025-04-18,22:18:47,-07:00,2025-04-18T22:18:47-07:00,1,12
global.js,58,js,32715a61,aaarf404,2025-04-18,22:18:47,-07:00,2025-04-18T22:18:47-07:00,0,0
global.js,59,js,8f97cc2b,aaarf404,2025-04-18,23:22:33,-07:00,2025-04-18T23:22:33-07:00,0,0
global.js,60,js,8f97cc2b,aaarf404,2025-04-18,23:22:33,-07:00,2025-04-18T23:22:33-07:00,0,9
global.js,61,js,8f97cc2b,aaarf404,2025-04-18,23:22:33,-07:00,2025-04-18T23:22:33-07:00,0,58
global.js,62,js,8f97cc2b,aaarf404,2025-04-18,23:22:33,-07:00,2025-04-18T23:22:33-07:00,0,31
global.js,63,js,8f97cc2b,aaarf404,2025-04-18,23:22:33,-07:00,2025-04-18T23:22:33-07:00,1,28
global.js,64,js,8f97cc2b,aaarf404,2025-04-18,23:22:33,-07:00,2025-04-18T23:22:33-07:00,2,60
global.js,65,js,8f97cc2b,aaarf404,2025-04-18,23:22:33,-07:00,2025-04-18T23:22:33-07:00,1,6
global.js,66,js,8f97cc2b,aaarf404,2025-04-18,23:22:33,-07:00,2025-04-18T23:22:33-07:00,2,65
global.js,67,js,8f97cc2b,aaarf404,2025-04-18,23:22:33,-07:00,2025-04-18T23:22:33-07:00,1,0
global.js,68,js,8f97cc2b,aaarf404,2025-04-18,23:22:33,-07:00,2025-04-18T23:22:33-07:00,0,0
global.js,69,js,8f97cc2b,aaarf404,2025-04-18,23:22:33,-07:00,2025-04-18T23:22:33-07:00,1,32
global.js,70,js,8f97cc2b,aaarf404,2025-04-18,23:22:33,-07:00,2025-04-18T23:22:33-07:00,1,20
global.js,71,js,8f97cc2b,aaarf404,2025-04-18,23:22:33,-07:00,2025-04-18T23:22:33-07:00,0,0
global.js,72,js,8f97cc2b,aaarf404,2025-04-18,23:22:33,-07:00,2025-04-18T23:22:33-07:00,0,0
global.js,73,js,8f97cc2b,aaarf404,2025-04-18,23:22:33,-07:00,2025-04-18T23:22:33-07:00,0,34
global.js,74,js,8f97cc2b,aaarf404,2025-04-18,23:22:33,-07:00,2025-04-18T23:22:33-07:00,1,39
global.js,75,js,8f97cc2b,aaarf404,2025-04-18,23:22:33,-07:00,2025-04-18T23:22:33-07:00,0,6
global.js,76,js,8f97cc2b,aaarf404,2025-04-18,23:22:33,-07:00,2025-04-18T23:22:33-07:00,1,27
global.js,77,js,8f97cc2b,aaarf404,2025-04-18,23:22:33,-07:00,2025-04-18T23:22:33-07:00,0,0
global.js,78,js,8f97cc2b,aaarf404,2025-04-18,23:22:33,-07:00,2025-04-18T23:22:33-07:00,0,0
global.js,79,js,8f97cc2b,aaarf404,2025-04-18,23:22:33,-07:00,2025-04-18T23:22:33-07:00,0,43
global.js,80,js,8f97cc2b,aaarf404,2025-04-18,23:22:33,-07:00,2025-04-18T23:22:33-07:00,1,57
global.js,81,js,8f97cc2b,aaarf404,2025-04-18,23:22:33,-07:00,2025-04-18T23:22:33-07:00,1,33
global.js,82,js,8f97cc2b,aaarf404,2025-04-18,23:22:33,-07:00,2025-04-18T23:22:33-07:00,0,1
global.js,83,js,8f97cc2b,aaarf404,2025-04-18,23:22:33,-07:00,2025-04-18T23:22:33-07:00,0,0
global.js,84,js,e03af803,aaarf404,2025-04-25,01:15:15,-07:00,2025-04-25T01:15:15-07:00,0,36
global.js,85,js,e03af803,aaarf404,2025-04-25,01:15:15,-07:00,2025-04-25T01:15:15-07:00,1,3
global.js,86,js,e03af803,aaarf404,2025-04-25,01:15:15,-07:00,2025-04-25T01:15:15-07:00,2,32
global.js,87,js,e03af803,aaarf404,2025-04-25,01:15:15,-07:00,2025-04-25T01:15:15-07:00,2,17
global.js,88,js,e03af803,aaarf404,2025-04-25,01:15:15,-07:00,2025-04-25T01:15:15-07:00,3,66
global.js,89,js,e03af803,aaarf404,2025-04-25,01:15:15,-07:00,2025-04-25T01:15:15-07:00,2,0
global.js,90,js,e03af803,aaarf404,2025-04-25,01:15:15,-07:00,2025-04-25T01:15:15-07:00,2,33
global.js,91,js,e03af803,aaarf404,2025-04-25,01:15:15,-07:00,2025-04-25T01:15:15-07:00,2,10
global.js,92,js,e03af803,aaarf404,2025-04-25,01:15:15,-07:00,2025-04-25T01:15:15-07:00,1,15
global.js,93,js,e03af803,aaarf404,2025-04-25,01:15:15,-07:00,2025-04-25T01:15:15-07:00,2,59
global.js,94,js,e03af803,aaarf404,2025-04-25,01:15:15,-07:00,2025-04-25T01:15:15-07:00,1,0
global.js,95,js,e03af803,aaarf404,2025-04-25,01:15:15,-07:00,2025-04-25T01:15:15-07:00,0,0
global.js,96,js,e03af803,aaarf404,2025-04-25,01:15:15,-07:00,2025-04-25T01:15:15-07:00,0,0
global.js,97,js,e03af803,aaarf404,2025-04-25,01:15:15,-07:00,2025-04-25T01:15:15-07:00,0,79
global.js,98,js,e03af803,aaarf404,2025-04-25,01:15:15,-07:00,2025-04-25T01:15:15-07:00,1,30
global.js,99,js,e03af803,aaarf404,2025-04-25,01:15:15,-07:00,2025-04-25T01:15:15-07:00,0,0
global.js,100,js,e03af803,aaarf404,2025-04-25,01:15:15,-07:00,2025-04-25T01:15:15-07:00,1,27
global.js,101,js,e03af803,aaarf404,2025-04-25,01:15:15,-07:00,2025-04-25T01:15:15-07:00,2,48
global.js,102,js,e03af803,aaarf404,2025-04-25,01:15:15,-07:00,2025-04-25T01:15:15-07:00,0,0
global.js,103,js,e03af803,aaarf404,2025-04-25,01:15:15,-07:00,2025-04-25T01:15:15-07:00,2,19
global.js,104,js,e03af803,aaarf404,2025-04-25,01:15:15,-07:00,2025-04-25T01:15:15-07:00,3,49
global.js,105,js,e03af803,aaarf404,2025-04-25,01:15:15,-07:00,2025-04-25T01:15:15-07:00,3,49
global.js,106,js,e03af803,aaarf404,2025-04-25,01:15:15,-07:00,2025-04-25T01:15:15-07:00,3,27
global.js,107,js,9891987a,aaarf404,2025-04-25,18:38:04,-07:00,2025-04-25T18:38:04-07:00,3,43
global.js,108,js,e03af803,aaarf404,2025-04-25,01:15:15,-07:00,2025-04-25T01:15:15-07:00,2,0
global.js,109,js,e03af803,aaarf404,2025-04-25,01:15:15,-07:00,2025-04-25T01:15:15-07:00,0,0
global.js,110,js,e03af803,aaarf404,2025-04-25,01:15:15,-07:00,2025-04-25T01:15:15-07:00,2,36
global.js,111,js,e03af803,aaarf404,2025-04-25,01:15:15,-07:00,2025-04-25T01:15:15-07:00,1,1
global.js,112,js,e03af803,aaarf404,2025-04-25,01:15:15,-07:00,2025-04-25T01:15:15-07:00,0,0
global.js,113,js,e03af803,aaarf404,2025-04-25,01:15:15,-07:00,2025-04-25T01:15:15-07:00,0,0
global.js,114,js,7e677800,aaarf404,2025-04-25,17:58:12,-07:00,2025-04-25T17:58:12-07:00,0,47
global.js,115,js,7e677800,aaarf404,2025-04-25,17:58:12,-07:00,2025-04-25T17:58:12-07:00,1,59
global.js,116,js,7e677800,aaarf404,2025-04-25,17:58:12,-07:00,2025-04-25T17:58:12-07:00,0,0
global.js,117,js,7e677800,aaarf404,2025-04-25,17:58:12,-07:00,2025-04-25T17:58:12-07:00,0,0
global.js,118,js,7e677800,aaarf404,2025-04-25,17:58:12,-07:00,2025-04-25T17:58:12-07:00,0,0
global.js,119,js,e03af803,aaarf404,2025-04-25,01:15:15,-07:00,2025-04-25T01:15:15-07:00,0,0
global.js,120,js,e03af803,aaarf404,2025-04-25,01:15:15,-07:00,2025-04-25T01:15:15-07:00,0,0
global.js,121,js,e03af803,aaarf404,2025-04-25,01:15:15,-07:00,2025-04-25T01:15:15-07:00,0,0
resume/index.html,1,html,f97ea88b,aaarf404,2025-04-03,19:03:45,-07:00,2025-04-03T19:03:45-07:00,0,13
resume/index.html,2,html,f97ea88b,aaarf404,2025-04-03,19:03:45,-07:00,2025-04-03T19:03:45-07:00,0,14
resume/index.html,3,html,f97ea88b,aaarf404,2025-04-03,19:03:45,-07:00,2025-04-03T19:03:45-07:00,0,4
resume/index.html,4,html,f97ea88b,aaarf404,2025-04-03,19:03:45,-07:00,2025-04-03T19:03:45-07:00,2,20
resume/index.html,5,html,f97ea88b,aaarf404,2025-04-03,19:03:45,-07:00,2025-04-03T19:03:45-07:00,2,68
resume/index.html,6,html,7ee3b1c6,aaarf404,2025-04-12,22:16:43,-07:00,2025-04-12T22:16:43-07:00,2,41
resume/index.html,7,html,a2ffa530,aaarf404,2025-04-04,16:27:52,-07:00,2025-04-04T16:27:52-07:00,2,21
resume/index.html,8,html,a2ffa530,aaarf404,2025-04-04,16:27:52,-07:00,2025-04-04T16:27:52-07:00,2,13
resume/index.html,9,html,a2ffa530,aaarf404,2025-04-04,16:27:52,-07:00,2025-04-04T16:27:52-07:00,0,5
resume/index.html,10,html,a2ffa530,aaarf404,2025-04-04,16:27:52,-07:00,2025-04-04T16:27:52-07:00,0,4
resume/index.html,11,html,958c6468,aaarf404,2025-04-03,19:47:46,-07:00,2025-04-03T19:47:46-07:00,0,0
resume/index.html,12,html,958c6468,aaarf404,2025-04-03,19:47:46,-07:00,2025-04-03T19:47:46-07:00,2,37
resume/index.html,13,html,958c6468,aaarf404,2025-04-03,19:47:46,-07:00,2025-04-03T19:47:46-07:00,0,0
resume/index.html,14,html,958c6468,aaarf404,2025-04-03,19:47:46,-07:00,2025-04-03T19:47:46-07:00,1,7
resume/index.html,15,html,958c6468,aaarf404,2025-04-03,19:47:46,-07:00,2025-04-03T19:47:46-07:00,2,16
resume/index.html,16,html,958c6468,aaarf404,2025-04-03,19:47:46,-07:00,2025-04-03T19:47:46-07:00,2,7
resume/index.html,17,html,d42a1081,aaarf404,2025-04-03,19:56:18,-07:00,2025-04-03T19:56:18-07:00,3,42
resume/index.html,18,html,958c6468,aaarf404,2025-04-03,19:47:46,-07:00,2025-04-03T19:47:46-07:00,3,25
resume/index.html,19,html,958c6468,aaarf404,2025-04-03,19:47:46,-07:00,2025-04-03T19:47:46-07:00,3,81
resume/index.html,20,html,958c6468,aaarf404,2025-04-03,19:47:46,-07:00,2025-04-03T19:47:46-07:00,2,8
resume/index.html,21,html,958c6468,aaarf404,2025-04-03,19:47:46,-07:00,2025-04-03T19:47:46-07:00,1,8
resume/index.html,22,html,958c6468,aaarf404,2025-04-03,19:47:46,-07:00,2025-04-03T19:47:46-07:00,0,0
resume/index.html,23,html,958c6468,aaarf404,2025-04-03,19:47:46,-07:00,2025-04-03T19:47:46-07:00,1,7
resume/index.html,24,html,958c6468,aaarf404,2025-04-03,19:47:46,-07:00,2025-04-03T19:47:46-07:00,2,22
resume/index.html,25,html,958c6468,aaarf404,2025-04-03,19:47:46,-07:00,2025-04-03T19:47:46-07:00,2,7
resume/index.html,26,html,4f0b7872,aaarf404,2025-04-04,16:19:02,-07:00,2025-04-04T16:19:02-07:00,3,44
resume/index.html,27,html,958c6468,aaarf404,2025-04-03,19:47:46,-07:00,2025-04-03T19:47:46-07:00,3,81
resume/index.html,28,html,958c6468,aaarf404,2025-04-03,19:47:46,-07:00,2025-04-03T19:47:46-07:00,3,2
resume/index.html,29,html,958c6468,aaarf404,2025-04-03,19:47:46,-07:00,2025-04-03T19:47:46-07:00,4,210
resume/index.html,30,html,958c6468,aaarf404,2025-04-03,19:47:46,-07:00,2025-04-03T19:47:46-07:00,4,204
resume/index.html,31,html,958c6468,aaarf404,2025-04-03,19:47:46,-07:00,2025-04-03T19:47:46-07:00,4,121
resume/index.html,32,html,958c6468,aaarf404,2025-04-03,19:47:46,-07:00,2025-04-03T19:47:46-07:00,4,206
resume/index.html,33,html,958c6468,aaarf404,2025-04-03,19:47:46,-07:00,2025-04-03T19:47:46-07:00,3,3
resume/index.html,34,html,958c6468,aaarf404,2025-04-03,19:47:46,-07:00,2025-04-03T19:47:46-07:00,2,8
resume/index.html,35,html,958c6468,aaarf404,2025-04-03,19:47:46,-07:00,2025-04-03T19:47:46-07:00,0,0
resume/index.html,36,html,958c6468,aaarf404,2025-04-03,19:47:46,-07:00,2025-04-03T19:47:46-07:00,2,7
resume/index.html,37,html,4f0b7872,aaarf404,2025-04-04,16:19:02,-07:00,2025-04-04T16:19:02-07:00,4,43
resume/index.html,38,html,d42a1081,aaarf404,2025-04-03,19:56:18,-07:00,2025-04-03T19:56:18-07:00,4,81
resume/index.html,39,html,d42a1081,aaarf404,2025-04-03,19:56:18,-07:00,2025-04-03T19:56:18-07:00,4,2
resume/index.html,40,html,d42a1081,aaarf404,2025-04-03,19:56:18,-07:00,2025-04-03T19:56:18-07:00,5,190
resume/index.html,41,html,d42a1081,aaarf404,2025-04-03,19:56:18,-07:00,2025-04-03T19:56:18-07:00,5,218
resume/index.html,42,html,d42a1081,aaarf404,2025-04-03,19:56:18,-07:00,2025-04-03T19:56:18-07:00,5,199
resume/index.html,43,html,d42a1081,aaarf404,2025-04-03,19:56:18,-07:00,2025-04-03T19:56:18-07:00,4,3
resume/index.html,44,html,d42a1081,aaarf404,2025-04-03,19:56:18,-07:00,2025-04-03T19:56:18-07:00,3,8
resume/index.html,45,html,d42a1081,aaarf404,2025-04-03,19:56:18,-07:00,2025-04-03T19:56:18-07:00,0,0
resume/index.html,46,html,d42a1081,aaarf404,2025-04-03,19:56:18,-07:00,2025-04-03T19:56:18-07:00,3,7
resume/index.html,47,html,4f0b7872,aaarf404,2025-04-04,16:19:02,-07:00,2025-04-04T16:19:02-07:00,4,46
resume/index.html,48,html,d42a1081,aaarf404,2025-04-03,19:56:18,-07:00,2025-04-03T19:56:18-07:00,4,81
resume/index.html,49,html,d42a1081,aaarf404,2025-04-03,19:56:18,-07:00,2025-04-03T19:56:18-07:00,4,2
resume/index.html,50,html,d42a1081,aaarf404,2025-04-03,19:56:18,-07:00,2025-04-03T19:56:18-07:00,5,215
resume/index.html,51,html,d42a1081,aaarf404,2025-04-03,19:56:18,-07:00,2025-04-03T19:56:18-07:00,5,157
resume/index.html,52,html,d42a1081,aaarf404,2025-04-03,19:56:18,-07:00,2025-04-03T19:56:18-07:00,5,170
resume/index.html,53,html,d42a1081,aaarf404,2025-04-03,19:56:18,-07:00,2025-04-03T19:56:18-07:00,4,3
resume/index.html,54,html,d42a1081,aaarf404,2025-04-03,19:56:18,-07:00,2025-04-03T19:56:18-07:00,3,8
resume/index.html,55,html,d42a1081,aaarf404,2025-04-03,19:56:18,-07:00,2025-04-03T19:56:18-07:00,0,0
resume/index.html,56,html,d42a1081,aaarf404,2025-04-03,19:56:18,-07:00,2025-04-03T19:56:18-07:00,3,7
resume/index.html,57,html,4f0b7872,aaarf404,2025-04-04,16:19:02,-07:00,2025-04-04T16:19:02-07:00,4,41
resume/index.html,58,html,d42a1081,aaarf404,2025-04-03,19:56:18,-07:00,2025-04-03T19:56:18-07:00,4,81
resume/index.html,59,html,d42a1081,aaarf404,2025-04-03,19:56:18,-07:00,2025-04-03T19:56:18-07:00,4,2
resume/index.html,60,html,d42a1081,aaarf404,2025-04-03,19:56:18,-07:00,2025-04-03T19:56:18-07:00,5,125
resume/index.html,61,html,d42a1081,aaarf404,2025-04-03,19:56:18,-07:00,2025-04-03T19:56:18-07:00,5,210
resume/index.html,62,html,d42a1081,aaarf404,2025-04-03,19:56:18,-07:00,2025-04-03T19:56:18-07:00,4,3
resume/index.html,63,html,d42a1081,aaarf404,2025-04-03,19:56:18,-07:00,2025-04-03T19:56:18-07:00,3,8
resume/index.html,64,html,d42a1081,aaarf404,2025-04-03,19:56:18,-07:00,2025-04-03T19:56:18-07:00,0,0
resume/index.html,65,html,958c6468,aaarf404,2025-04-03,19:47:46,-07:00,2025-04-03T19:47:46-07:00,1,8
resume/index.html,66,html,d42a1081,aaarf404,2025-04-03,19:56:18,-07:00,2025-04-03T19:56:18-07:00,0,0
resume/index.html,67,html,bd9b9416,aaarf404,2025-04-03,19:58:23,-07:00,2025-04-03T19:58:23-07:00,1,7
resume/index.html,68,html,bd9b9416,aaarf404,2025-04-03,19:58:23,-07:00,2025-04-03T19:58:23-07:00,2,24
resume/index.html,69,html,bd9b9416,aaarf404,2025-04-03,19:58:23,-07:00,2025-04-03T19:58:23-07:00,2,7
resume/index.html,70,html,bd9b9416,aaarf404,2025-04-03,19:58:23,-07:00,2025-04-03T19:58:23-07:00,3,59
resume/index.html,71,html,5bf2e9ec,aaarf404,2025-04-03,20:01:33,-07:00,2025-04-03T20:01:33-07:00,3,67
resume/index.html,72,html,bd9b9416,aaarf404,2025-04-03,19:58:23,-07:00,2025-04-03T19:58:23-07:00,2,8
resume/index.html,73,html,bd9b9416,aaarf404,2025-04-03,19:58:23,-07:00,2025-04-03T19:58:23-07:00,1,8
resume/index.html,74,html,bd9b9416,aaarf404,2025-04-03,19:58:23,-07:00,2025-04-03T19:58:23-07:00,0,0
resume/index.html,75,html,958c6468,aaarf404,2025-04-03,19:47:46,-07:00,2025-04-03T19:47:46-07:00,1,7
resume/index.html,76,html,958c6468,aaarf404,2025-04-03,19:47:46,-07:00,2025-04-03T19:47:46-07:00,2,13
resume/index.html,77,html,958c6468,aaarf404,2025-04-03,19:47:46,-07:00,2025-04-03T19:47:46-07:00,2,2
resume/index.html,78,html,958c6468,aaarf404,2025-04-03,19:47:46,-07:00,2025-04-03T19:47:46-07:00,3,58
resume/index.html,79,html,958c6468,aaarf404,2025-04-03,19:47:46,-07:00,2025-04-03T19:47:46-07:00,3,212
resume/index.html,80,html,958c6468,aaarf404,2025-04-03,19:47:46,-07:00,2025-04-03T19:47:46-07:00,3,109
resume/index.html,81,html,958c6468,aaarf404,2025-04-03,19:47:46,-07:00,2025-04-03T19:47:46-07:00,2,3
resume/index.html,82,html,958c6468,aaarf404,2025-04-03,19:47:46,-07:00,2025-04-03T19:47:46-07:00,1,8
resume/index.html,83,html,b942fa02,aaarf404,2025-04-25,19:00:36,-07:00,2025-04-25T19:00:36-07:00,1,45
resume/index.html,84,html,8f97cc2b,aaarf404,2025-04-18,23:22:33,-07:00,2025-04-18T23:22:33-07:00,1,48
resume/index.html,85,html,f97ea88b,aaarf404,2025-04-03,19:03:45,-07:00,2025-04-03T19:03:45-07:00,0,5
resume/index.html,86,html,f97ea88b,aaarf404,2025-04-03,19:03:45,-07:00,2025-04-03T19:03:45-07:00,0,5
projects/projects.js,1,js,abc81881,aaarf404,2025-04-25,01:19:02,-07:00,2025-04-25T01:19:02-07:00,0,55
projects/projects.js,2,js,568c7c84,aaarf404,2025-05-02,21:29:23,-07:00,2025-05-02T21:29:23-07:00,0,63
projects/projects.js,3,js,abc81881,aaarf404,2025-04-25,01:19:02,-07:00,2025-04-25T01:19:02-07:00,0,0
projects/projects.js,4,js,85988d2d,aaarf404,2025-05-02,21:38:36,-07:00,2025-05-02T21:38:36-07:00,0,13
projects/projects.js,5,js,85988d2d,aaarf404,2025-05-02,21:38:36,-07:00,2025-05-02T21:38:36-07:00,0,16
projects/projects.js,6,js,ecb85e6b,aaarf404,2025-05-02,22:36:54,-07:00,2025-05-02T22:36:54-07:00,0,22
projects/projects.js,7,js,0c924dfd,aaarf404,2025-05-02,22:22:09,-07:00,2025-05-02T22:22:09-07:00,0,15
projects/projects.js,8,js,cc3d3c53,aaarf404,2025-05-02,22:57:33,-07:00,2025-05-02T22:57:33-07:00,0,13
projects/projects.js,9,js,85988d2d,aaarf404,2025-05-02,21:38:36,-07:00,2025-05-02T21:38:36-07:00,0,0
projects/projects.js,10,js,9d363272,aaarf404,2025-05-02,21:42:07,-07:00,2025-05-02T21:42:07-07:00,0,55
projects/projects.js,11,js,c27d0e02,aaarf404,2025-05-02,21:48:07,-07:00,2025-05-02T21:48:07-07:00,0,60
projects/projects.js,12,js,c27d0e02,aaarf404,2025-05-02,21:48:07,-07:00,2025-05-02T21:48:07-07:00,0,42
projects/projects.js,13,js,c27d0e02,aaarf404,2025-05-02,21:48:07,-07:00,2025-05-02T21:48:07-07:00,0,34
projects/projects.js,14,js,c27d0e02,aaarf404,2025-05-02,21:48:07,-07:00,2025-05-02T21:48:07-07:00,0,0
projects/projects.js,15,js,c27d0e02,aaarf404,2025-05-02,21:48:07,-07:00,2025-05-02T21:48:07-07:00,0,48
projects/projects.js,16,js,c27d0e02,aaarf404,2025-05-02,21:48:07,-07:00,2025-05-02T21:48:07-07:00,1,25
projects/projects.js,17,js,c27d0e02,aaarf404,2025-05-02,21:48:07,-07:00,2025-05-02T21:48:07-07:00,1,24
projects/projects.js,18,js,c27d0e02,aaarf404,2025-05-02,21:48:07,-07:00,2025-05-02T21:48:07-07:00,0,1
projects/projects.js,19,js,c27d0e02,aaarf404,2025-05-02,21:48:07,-07:00,2025-05-02T21:48:07-07:00,0,0
projects/projects.js,20,js,23dab783,aaarf404,2025-05-02,23:05:33,-07:00,2025-05-02T23:05:33-07:00,0,36
projects/projects.js,21,js,41b53165,aaarf404,2025-05-02,22:09:05,-07:00,2025-05-02T22:09:05-07:00,1,20
projects/projects.js,22,js,41b53165,aaarf404,2025-05-02,22:09:05,-07:00,2025-05-02T22:09:05-07:00,1,24
projects/projects.js,23,js,41b53165,aaarf404,2025-05-02,22:09:05,-07:00,2025-05-02T22:09:05-07:00,2,37
projects/projects.js,24,js,23dab783,aaarf404,2025-05-02,23:05:33,-07:00,2025-05-02T23:05:33-07:00,2,25
projects/projects.js,25,js,41b53165,aaarf404,2025-05-02,22:09:05,-07:00,2025-05-02T22:09:05-07:00,3,60
projects/projects.js,26,js,41b53165,aaarf404,2025-05-02,22:09:05,-07:00,2025-05-02T22:09:05-07:00,2,0
projects/projects.js,27,js,41b53165,aaarf404,2025-05-02,22:09:05,-07:00,2025-05-02T22:09:05-07:00,1,0
projects/projects.js,28,js,23dab783,aaarf404,2025-05-02,23:05:33,-07:00,2025-05-02T23:05:33-07:00,1,12
projects/projects.js,29,js,23dab783,aaarf404,2025-05-02,23:05:33,-07:00,2025-05-02T23:05:33-07:00,0,0
projects/projects.js,30,js,41b53165,aaarf404,2025-05-02,22:09:05,-07:00,2025-05-02T22:09:05-07:00,0,0
projects/projects.js,31,js,23dab783,aaarf404,2025-05-02,23:05:33,-07:00,2025-05-02T23:05:33-07:00,0,30
projects/projects.js,32,js,23dab783,aaarf404,2025-05-02,23:05:33,-07:00,2025-05-02T23:05:33-07:00,1,39
projects/projects.js,33,js,23dab783,aaarf404,2025-05-02,23:05:33,-07:00,2025-05-02T23:05:33-07:00,1,26
projects/projects.js,34,js,23dab783,aaarf404,2025-05-02,23:05:33,-07:00,2025-05-02T23:05:33-07:00,2,67
projects/projects.js,35,js,23dab783,aaarf404,2025-05-02,23:05:33,-07:00,2025-05-02T23:05:33-07:00,1,0
projects/projects.js,36,js,41b53165,aaarf404,2025-05-02,22:09:05,-07:00,2025-05-02T22:09:05-07:00,1,12
projects/projects.js,37,js,7aff111b,aaarf404,2025-05-02,22:02:10,-07:00,2025-05-02T22:02:10-07:00,0,0
projects/projects.js,38,js,7aff111b,aaarf404,2025-05-02,22:02:10,-07:00,2025-05-02T22:02:10-07:00,0,0
projects/projects.js,39,js,23dab783,aaarf404,2025-05-02,23:05:33,-07:00,2025-05-02T23:05:33-07:00,0,34
projects/projects.js,40,js,23dab783,aaarf404,2025-05-02,23:05:33,-07:00,2025-05-02T23:05:33-07:00,1,42
projects/projects.js,41,js,23dab783,aaarf404,2025-05-02,23:05:33,-07:00,2025-05-02T23:05:33-07:00,1,53
projects/projects.js,42,js,23dab783,aaarf404,2025-05-02,23:05:33,-07:00,2025-05-02T23:05:33-07:00,1,42
projects/projects.js,43,js,23dab783,aaarf404,2025-05-02,23:05:33,-07:00,2025-05-02T23:05:33-07:00,0,0
projects/projects.js,44,js,23dab783,aaarf404,2025-05-02,23:05:33,-07:00,2025-05-02T23:05:33-07:00,0,0
projects/projects.js,45,js,23dab783,aaarf404,2025-05-02,23:05:33,-07:00,2025-05-02T23:05:33-07:00,0,41
projects/projects.js,46,js,c27d0e02,aaarf404,2025-05-02,21:48:07,-07:00,2025-05-02T21:48:07-07:00,1,29
projects/projects.js,47,js,c27d0e02,aaarf404,2025-05-02,21:48:07,-07:00,2025-05-02T21:48:07-07:00,1,30
projects/projects.js,48,js,568c7c84,aaarf404,2025-05-02,21:29:23,-07:00,2025-05-02T21:29:23-07:00,0,0
projects/projects.js,49,js,9d363272,aaarf404,2025-05-02,21:42:07,-07:00,2025-05-02T21:42:07-07:00,1,28
projects/projects.js,50,js,23dab783,aaarf404,2025-05-02,23:05:33,-07:00,2025-05-02T23:05:33-07:00,2,15
projects/projects.js,51,js,568c7c84,aaarf404,2025-05-02,21:29:23,-07:00,2025-05-02T21:29:23-07:00,2,12
projects/projects.js,52,js,568c7c84,aaarf404,2025-05-02,21:29:23,-07:00,2025-05-02T21:29:23-07:00,2,9
projects/projects.js,53,js,568c7c84,aaarf404,2025-05-02,21:29:23,-07:00,2025-05-02T21:29:23-07:00,1,0
projects/projects.js,54,js,6a135fe5,aaarf404,2025-05-02,22:28:11,-07:00,2025-05-02T22:28:11-07:00,1,75
projects/projects.js,55,js,51b7437d,aaarf404,2025-05-02,22:33:38,-07:00,2025-05-02T22:33:38-07:00,0,0
projects/projects.js,56,js,9d363272,aaarf404,2025-05-02,21:42:07,-07:00,2025-05-02T21:42:07-07:00,1,59
projects/projects.js,57,js,9d363272,aaarf404,2025-05-02,21:42:07,-07:00,2025-05-02T21:42:07-07:00,1,50
projects/projects.js,58,js,41b53165,aaarf404,2025-05-02,22:09:05,-07:00,2025-05-02T22:09:05-07:00,1,38
projects/projects.js,59,js,568c7c84,aaarf404,2025-05-02,21:29:23,-07:00,2025-05-02T21:29:23-07:00,0,0
projects/projects.js,60,js,c27d0e02,aaarf404,2025-05-02,21:48:07,-07:00,2025-05-02T21:48:07-07:00,1,1
projects/projects.js,61,js,c27d0e02,aaarf404,2025-05-02,21:48:07,-07:00,2025-05-02T21:48:07-07:00,2,16
projects/projects.js,62,js,c27d0e02,aaarf404,2025-05-02,21:48:07,-07:00,2025-05-02T21:48:07-07:00,2,12
projects/projects.js,63,js,c27d0e02,aaarf404,2025-05-02,21:48:07,-07:00,2025-05-02T21:48:07-07:00,2,6
projects/projects.js,64,js,c27d0e02,aaarf404,2025-05-02,21:48:07,-07:00,2025-05-02T21:48:07-07:00,2,13
projects/projects.js,65,js,c27d0e02,aaarf404,2025-05-02,21:48:07,-07:00,2025-05-02T21:48:07-07:00,2,22
projects/projects.js,66,js,cc3d3c53,aaarf404,2025-05-02,22:57:33,-07:00,2025-05-02T22:57:33-07:00,2,42
projects/projects.js,67,js,ecb85e6b,aaarf404,2025-05-02,22:36:54,-07:00,2025-05-02T22:36:54-07:00,2,68
projects/projects.js,68,js,ecb85e6b,aaarf404,2025-05-02,22:36:54,-07:00,2025-05-02T22:36:54-07:00,2,26
projects/projects.js,69,js,cc3d3c53,aaarf404,2025-05-02,22:57:33,-07:00,2025-05-02T22:57:33-07:00,3,67
projects/projects.js,70,js,7aff111b,aaarf404,2025-05-02,22:02:10,-07:00,2025-05-02T22:02:10-07:00,3,24
projects/projects.js,71,js,c27d0e02,aaarf404,2025-05-02,21:48:07,-07:00,2025-05-02T21:48:07-07:00,2,1
projects/projects.js,72,js,568c7c84,aaarf404,2025-05-02,21:29:23,-07:00,2025-05-02T21:29:23-07:00,0,0
projects/projects.js,73,js,c27d0e02,aaarf404,2025-05-02,21:48:07,-07:00,2025-05-02T21:48:07-07:00,1,4
projects/projects.js,74,js,c27d0e02,aaarf404,2025-05-02,21:48:07,-07:00,2025-05-02T21:48:07-07:00,2,14
projects/projects.js,75,js,41b53165,aaarf404,2025-05-02,22:09:05,-07:00,2025-05-02T22:09:05-07:00,2,12
projects/projects.js,76,js,c27d0e02,aaarf404,2025-05-02,21:48:07,-07:00,2025-05-02T21:48:07-07:00,2,6
projects/projects.js,77,js,c27d0e02,aaarf404,2025-05-02,21:48:07,-07:00,2025-05-02T21:48:07-07:00,2,11
projects/projects.js,78,js,cc3d3c53,aaarf404,2025-05-02,22:57:33,-07:00,2025-05-02T22:57:33-07:00,2,51
projects/projects.js,79,js,ecb85e6b,aaarf404,2025-05-02,22:36:54,-07:00,2025-05-02T22:36:54-07:00,2,63
projects/projects.js,80,js,cc3d3c53,aaarf404,2025-05-02,22:57:33,-07:00,2025-05-02T22:57:33-07:00,2,73
projects/projects.js,81,js,ecb85e6b,aaarf404,2025-05-02,22:36:54,-07:00,2025-05-02T22:36:54-07:00,2,26
projects/projects.js,82,js,cc3d3c53,aaarf404,2025-05-02,22:57:33,-07:00,2025-05-02T22:57:33-07:00,3,57
projects/projects.js,83,js,7aff111b,aaarf404,2025-05-02,22:02:10,-07:00,2025-05-02T22:02:10-07:00,3,24
projects/projects.js,84,js,c27d0e02,aaarf404,2025-05-02,21:48:07,-07:00,2025-05-02T21:48:07-07:00,2,1
projects/projects.js,85,js,c27d0e02,aaarf404,2025-05-02,21:48:07,-07:00,2025-05-02T21:48:07-07:00,0,0
projects/projects.js,86,js,9d363272,aaarf404,2025-05-02,21:42:07,-07:00,2025-05-02T21:42:07-07:00,0,0
projects/projects.js,87,js,9d363272,aaarf404,2025-05-02,21:42:07,-07:00,2025-05-02T21:42:07-07:00,0,21
projects/projects.js,88,js,9d363272,aaarf404,2025-05-02,21:42:07,-07:00,2025-05-02T21:42:07-07:00,1,57
projects/projects.js,89,js,9d363272,aaarf404,2025-05-02,21:42:07,-07:00,2025-05-02T21:42:07-07:00,1,84
projects/projects.js,90,js,23dab783,aaarf404,2025-05-02,23:05:33,-07:00,2025-05-02T23:05:33-07:00,1,0
projects/projects.js,91,js,23dab783,aaarf404,2025-05-02,23:05:33,-07:00,2025-05-02T23:05:33-07:00,1,59
projects/projects.js,92,js,23dab783,aaarf404,2025-05-02,23:05:33,-07:00,2025-05-02T23:05:33-07:00,1,28
projects/projects.js,93,js,23dab783,aaarf404,2025-05-02,23:05:33,-07:00,2025-05-02T23:05:33-07:00,2,12
projects/projects.js,94,js,23dab783,aaarf404,2025-05-02,23:05:33,-07:00,2025-05-02T23:05:33-07:00,2,25
projects/projects.js,95,js,23dab783,aaarf404,2025-05-02,23:05:33,-07:00,2025-05-02T23:05:33-07:00,1,0
projects/projects.js,96,js,c27d0e02,aaarf404,2025-05-02,21:48:07,-07:00,2025-05-02T21:48:07-07:00,1,24
projects/projects.js,97,js,9d363272,aaarf404,2025-05-02,21:42:07,-07:00,2025-05-02T21:42:07-07:00,0,0
projects/projects.js,98,js,9d363272,aaarf404,2025-05-02,21:42:07,-07:00,2025-05-02T21:42:07-07:00,0,0
projects/projects.js,99,js,08bcdcb4,aaarf404,2025-05-02,22:47:39,-07:00,2025-05-02T22:47:39-07:00,0,5
projects/index.html,1,html,ebbb80af,aaarf404,2025-04-03,18:40:03,-07:00,2025-04-03T18:40:03-07:00,0,13
projects/index.html,2,html,ebbb80af,aaarf404,2025-04-03,18:40:03,-07:00,2025-04-03T18:40:03-07:00,0,14
projects/index.html,3,html,ebbb80af,aaarf404,2025-04-03,18:40:03,-07:00,2025-04-03T18:40:03-07:00,0,4
projects/index.html,4,html,e74a80eb,aaarf404,2025-04-25,00:42:41,-07:00,2025-04-25T00:42:41-07:00,1,22
projects/index.html,5,html,e74a80eb,aaarf404,2025-04-25,00:42:41,-07:00,2025-04-25T00:42:41-07:00,1,70
projects/index.html,6,html,e74a80eb,aaarf404,2025-04-25,00:42:41,-07:00,2025-04-25T00:42:41-07:00,1,43
projects/index.html,7,html,e74a80eb,aaarf404,2025-04-25,00:42:41,-07:00,2025-04-25T00:42:41-07:00,1,21
projects/index.html,8,html,e74a80eb,aaarf404,2025-04-25,00:42:41,-07:00,2025-04-25T00:42:41-07:00,0,5
projects/index.html,9,html,e74a80eb,aaarf404,2025-04-25,00:42:41,-07:00,2025-04-25T00:42:41-07:00,0,0
projects/index.html,10,html,e74a80eb,aaarf404,2025-04-25,00:42:41,-07:00,2025-04-25T00:42:41-07:00,0,4
projects/index.html,11,html,abc81881,aaarf404,2025-04-25,01:19:02,-07:00,2025-04-25T01:19:02-07:00,1,38
projects/index.html,12,html,c60e127f,aaarf404,2025-05-02,21:25:51,-07:00,2025-05-02T21:25:51-07:00,1,58
projects/index.html,13,html,686ee1a6,aaarf404,2025-05-02,20:58:58,-07:00,2025-05-02T20:58:58-07:00,1,22
projects/index.html,14,html,e74a80eb,aaarf404,2025-04-25,00:42:41,-07:00,2025-04-25T00:42:41-07:00,1,40
projects/index.html,15,html,85988d2d,aaarf404,2025-05-02,21:38:36,-07:00,2025-05-02T21:38:36-07:00,1,4
projects/index.html,16,html,85988d2d,aaarf404,2025-05-02,21:38:36,-07:00,2025-05-02T21:38:36-07:00,1,15
projects/index.html,17,html,85988d2d,aaarf404,2025-05-02,21:38:36,-07:00,2025-05-02T21:38:36-07:00,1,11
projects/index.html,18,html,85988d2d,aaarf404,2025-05-02,21:38:36,-07:00,2025-05-02T21:38:36-07:00,1,26
projects/index.html,19,html,85988d2d,aaarf404,2025-05-02,21:38:36,-07:00,2025-05-02T21:38:36-07:00,1,31
projects/index.html,20,html,85988d2d,aaarf404,2025-05-02,21:38:36,-07:00,2025-05-02T21:38:36-07:00,0,0
projects/index.html,21,html,e74a80eb,aaarf404,2025-04-25,00:42:41,-07:00,2025-04-25T00:42:41-07:00,1,20
projects/index.html,22,html,06d3027a,aaarf404,2025-04-26,22:46:12,-07:00,2025-04-26T22:46:12-07:00,1,2
projects/index.html,23,html,0e85b8a9,aaarf404,2025-04-25,19:18:15,-07:00,2025-04-25T19:18:15-07:00,1,7
projects/index.html,24,html,e74a80eb,aaarf404,2025-04-25,00:42:41,-07:00,2025-04-25T00:42:41-07:00,3,18
projects/index.html,25,html,e74a80eb,aaarf404,2025-04-25,00:42:41,-07:00,2025-04-25T00:42:41-07:00,3,95
projects/index.html,26,html,e74a80eb,aaarf404,2025-04-25,00:42:41,-07:00,2025-04-25T00:42:41-07:00,3,59
projects/index.html,27,html,e74a80eb,aaarf404,2025-04-25,00:42:41,-07:00,2025-04-25T00:42:41-07:00,2,8
projects/index.html,28,html,db42a01d,aaarf404,2025-04-12,22:57:32,-07:00,2025-04-12T22:57:32-07:00,0,0
projects/index.html,29,html,e74a80eb,aaarf404,2025-04-25,00:42:41,-07:00,2025-04-25T00:42:41-07:00,2,7
projects/index.html,30,html,e74a80eb,aaarf404,2025-04-25,00:42:41,-07:00,2025-04-25T00:42:41-07:00,3,18
projects/index.html,31,html,e74a80eb,aaarf404,2025-04-25,00:42:41,-07:00,2025-04-25T00:42:41-07:00,3,95
projects/index.html,32,html,e74a80eb,aaarf404,2025-04-25,00:42:41,-07:00,2025-04-25T00:42:41-07:00,3,59
projects/index.html,33,html,e74a80eb,aaarf404,2025-04-25,00:42:41,-07:00,2025-04-25T00:42:41-07:00,2,8
projects/index.html,34,html,e74a80eb,aaarf404,2025-04-25,00:42:41,-07:00,2025-04-25T00:42:41-07:00,0,0
projects/index.html,35,html,e74a80eb,aaarf404,2025-04-25,00:42:41,-07:00,2025-04-25T00:42:41-07:00,2,7
projects/index.html,36,html,e74a80eb,aaarf404,2025-04-25,00:42:41,-07:00,2025-04-25T00:42:41-07:00,3,20
projects/index.html,37,html,e74a80eb,aaarf404,2025-04-25,00:42:41,-07:00,2025-04-25T00:42:41-07:00,3,95
projects/index.html,38,html,e74a80eb,aaarf404,2025-04-25,00:42:41,-07:00,2025-04-25T00:42:41-07:00,3,60
projects/index.html,39,html,e74a80eb,aaarf404,2025-04-25,00:42:41,-07:00,2025-04-25T00:42:41-07:00,2,8
projects/index.html,40,html,e74a80eb,aaarf404,2025-04-25,00:42:41,-07:00,2025-04-25T00:42:41-07:00,0,0
projects/index.html,41,html,e74a80eb,aaarf404,2025-04-25,00:42:41,-07:00,2025-04-25T00:42:41-07:00,2,7
projects/index.html,42,html,e74a80eb,aaarf404,2025-04-25,00:42:41,-07:00,2025-04-25T00:42:41-07:00,3,19
projects/index.html,43,html,e74a80eb,aaarf404,2025-04-25,00:42:41,-07:00,2025-04-25T00:42:41-07:00,3,95
projects/index.html,44,html,e74a80eb,aaarf404,2025-04-25,00:42:41,-07:00,2025-04-25T00:42:41-07:00,3,60
projects/index.html,45,html,e74a80eb,aaarf404,2025-04-25,00:42:41,-07:00,2025-04-25T00:42:41-07:00,2,8
projects/index.html,46,html,06d3027a,aaarf404,2025-04-26,22:46:12,-07:00,2025-04-26T22:46:12-07:00,1,1
projects/index.html,47,html,e74a80eb,aaarf404,2025-04-25,00:42:41,-07:00,2025-04-25T00:42:41-07:00,1,4
projects/index.html,48,html,e74a80eb,aaarf404,2025-04-25,00:42:41,-07:00,2025-04-25T00:42:41-07:00,0,0
projects/index.html,49,html,e74a80eb,aaarf404,2025-04-25,00:42:41,-07:00,2025-04-25T00:42:41-07:00,1,48
projects/index.html,50,html,0f154629,aaarf404,2025-04-26,22:59:55,-07:00,2025-04-26T22:59:55-07:00,1,47
projects/index.html,51,html,ebbb80af,aaarf404,2025-04-03,18:40:03,-07:00,2025-04-03T18:40:03-07:00,0,5
projects/index.html,52,html,e74a80eb,aaarf404,2025-04-25,00:42:41,-07:00,2025-04-25T00:42:41-07:00,0,5
contact/index.html,1,html,ebbb80af,aaarf404,2025-04-03,18:40:03,-07:00,2025-04-03T18:40:03-07:00,0,13
contact/index.html,2,html,ebbb80af,aaarf404,2025-04-03,18:40:03,-07:00,2025-04-03T18:40:03-07:00,0,14
contact/index.html,3,html,ebbb80af,aaarf404,2025-04-03,18:40:03,-07:00,2025-04-03T18:40:03-07:00,0,4
contact/index.html,4,html,ebbb80af,aaarf404,2025-04-03,18:40:03,-07:00,2025-04-03T18:40:03-07:00,2,20
contact/index.html,5,html,ebbb80af,aaarf404,2025-04-03,18:40:03,-07:00,2025-04-03T18:40:03-07:00,2,68
contact/index.html,6,html,7ee3b1c6,aaarf404,2025-04-12,22:16:43,-07:00,2025-04-12T22:16:43-07:00,2,41
contact/index.html,7,html,7ee3b1c6,aaarf404,2025-04-12,22:16:43,-07:00,2025-04-12T22:16:43-07:00,0,0
contact/index.html,8,html,a2ffa530,aaarf404,2025-04-04,16:27:52,-07:00,2025-04-04T16:27:52-07:00,2,21
contact/index.html,9,html,a2ffa530,aaarf404,2025-04-04,16:27:52,-07:00,2025-04-04T16:27:52-07:00,2,19
contact/index.html,10,html,ebbb80af,aaarf404,2025-04-03,18:40:03,-07:00,2025-04-03T18:40:03-07:00,0,5
contact/index.html,11,html,ebbb80af,aaarf404,2025-04-03,18:40:03,-07:00,2025-04-03T18:40:03-07:00,0,4
contact/index.html,12,html,240f2a89,aaarf404,2025-04-03,19:00:55,-07:00,2025-04-03T19:00:55-07:00,2,83
contact/index.html,13,html,240f2a89,aaarf404,2025-04-03,19:00:55,-07:00,2025-04-03T19:00:55-07:00,4,57
contact/index.html,14,html,240f2a89,aaarf404,2025-04-03,19:00:55,-07:00,2025-04-03T19:00:55-07:00,4,47
contact/index.html,15,html,240f2a89,aaarf404,2025-04-03,19:00:55,-07:00,2025-04-03T19:00:55-07:00,4,57
contact/index.html,16,html,240f2a89,aaarf404,2025-04-03,19:00:55,-07:00,2025-04-03T19:00:55-07:00,4,21
contact/index.html,17,html,240f2a89,aaarf404,2025-04-03,19:00:55,-07:00,2025-04-03T19:00:55-07:00,2,5
contact/index.html,18,html,8f97cc2b,aaarf404,2025-04-18,23:22:33,-07:00,2025-04-18T23:22:33-07:00,2,48
contact/index.html,19,html,ebbb80af,aaarf404,2025-04-03,18:40:03,-07:00,2025-04-03T18:40:03-07:00,0,5
contact/index.html,20,html,ebbb80af,aaarf404,2025-04-03,18:40:03,-07:00,2025-04-03T18:40:03-07:00,0,5
